Chain,Index,Insertion,Amino Acid,Absolute Surface Area,Relative Surface Area,Secondary Structure,Phi angle,Psi angle
H,1, ,-,-,-,-,-,-
H,2, ,-,-,-,-,-,-
H,3, ,-,-,-,-,-,-
H,4, ,-,-,-,-,-,-
H,5, ,-,-,-,-,-,-
H,6, ,-,-,-,-,-,-
H,7, ,-,-,-,-,-,-
H,8, ,-,-,-,-,-,-
H,9, ,-,-,-,-,-,-
H,11, ,-,-,-,-,-,-
H,12, ,-,-,-,-,-,-
H,13, ,-,-,-,-,-,-
H,14, ,-,-,-,-,-,-
H,15, ,-,-,-,-,-,-
H,16, ,-,-,-,-,-,-
H,17, ,-,-,-,-,-,-
H,18, ,-,-,-,-,-,-
H,19, ,-,-,-,-,-,-
H,20, ,-,-,-,-,-,-
H,21, ,-,-,-,-,-,-
H,22, ,-,-,-,-,-,-
H,23, ,-,-,-,-,-,-
H,24, ,-,-,-,-,-,-
H,25, ,-,-,-,-,-,-
H,26, ,-,-,-,-,-,-
H,27, ,-,-,-,-,-,-
H,28, ,-,-,-,-,-,-
H,29, ,-,-,-,-,-,-
H,30, ,-,-,-,-,-,-
H,35, ,-,-,-,-,-,-
H,36, ,-,-,-,-,-,-
H,37, ,-,-,-,-,-,-
H,38, ,-,-,-,-,-,-
H,39, ,-,-,-,-,-,-
H,40, ,-,-,-,-,-,-
H,41, ,-,-,-,-,-,-
H,42, ,-,-,-,-,-,-
H,43, ,-,-,-,-,-,-
H,44, ,-,-,-,-,-,-
H,45, ,-,-,-,-,-,-
H,46, ,-,-,-,-,-,-
H,47, ,-,-,-,-,-,-
H,48, ,-,-,-,-,-,-
H,49, ,-,-,-,-,-,-
H,50, ,-,-,-,-,-,-
H,51, ,-,-,-,-,-,-
H,52, ,-,-,-,-,-,-
H,53, ,-,-,-,-,-,-
H,54, ,-,-,-,-,-,-
H,55, ,-,-,-,-,-,-
H,56, ,-,-,-,-,-,-
H,57, ,-,-,-,-,-,-
H,58, ,-,-,-,-,-,-
H,59, ,-,-,-,-,-,-
H,63, ,-,-,-,-,-,-
H,64, ,-,-,-,-,-,-
H,65, ,-,-,-,-,-,-
H,66, ,-,-,-,-,-,-
H,67, ,-,-,-,-,-,-
H,68, ,-,-,-,-,-,-
H,69, ,-,-,-,-,-,-
H,70, ,-,-,-,-,-,-
H,71, ,-,-,-,-,-,-
H,72, ,-,-,-,-,-,-
H,74, ,-,-,-,-,-,-
H,75, ,-,-,-,-,-,-
H,76, ,-,-,-,-,-,-
H,77, ,-,-,-,-,-,-
H,78, ,-,-,-,-,-,-
H,79, ,-,-,-,-,-,-
H,80, ,-,-,-,-,-,-
H,81, ,-,-,-,-,-,-
H,82, ,-,-,-,-,-,-
H,83, ,-,-,-,-,-,-
H,84, ,-,-,-,-,-,-
H,85, ,-,-,-,-,-,-
H,86, ,-,-,-,-,-,-
H,87, ,-,-,-,-,-,-
H,88, ,-,-,-,-,-,-
H,89, ,-,-,-,-,-,-
H,90, ,-,-,-,-,-,-
H,91, ,-,-,-,-,-,-
H,92, ,-,-,-,-,-,-
H,93, ,-,-,-,-,-,-
H,94, ,-,-,-,-,-,-
H,95, ,-,-,-,-,-,-
H,96, ,-,-,-,-,-,-
H,97, ,-,-,-,-,-,-
H,98, ,-,-,-,-,-,-
H,99, ,-,-,-,-,-,-
H,100, ,-,-,-,-,-,-
H,101, ,-,-,-,-,-,-
H,102, ,-,-,-,-,-,-
H,103, ,-,-,-,-,-,-
H,104, ,-,-,-,-,-,-
H,105, ,-,-,-,-,-,-
H,106, ,-,-,-,-,-,-
H,107, ,-,-,-,-,-,-
H,108, ,-,-,-,-,-,-
H,109, ,-,-,-,-,-,-
H,110, ,-,-,-,-,-,-
H,112, ,-,-,-,-,-,-
H,113, ,-,-,-,-,-,-
H,114, ,-,-,-,-,-,-
H,115, ,-,-,-,-,-,-
H,116, ,-,-,-,-,-,-
H,117, ,-,-,-,-,-,-
H,118, ,-,-,-,-,-,-
H,119, ,-,-,-,-,-,-
H,120, ,-,-,-,-,-,-
H,121, ,-,-,-,-,-,-
H,122, ,-,-,-,-,-,-
H,123, ,-,-,-,-,-,-
H,124, ,-,-,-,-,-,-
H,125, ,-,-,-,-,-,-
H,126, ,-,-,-,-,-,-
H,127, ,-,-,-,-,-,-
H,128, ,-,-,-,-,-,-
L,1, ,-,-,-,-,-,-
L,2, ,-,-,-,-,-,-
L,3, ,-,-,-,-,-,-
L,4, ,-,-,-,-,-,-
L,5, ,-,-,-,-,-,-
L,6, ,-,-,-,-,-,-
L,7, ,-,-,-,-,-,-
L,8, ,-,-,-,-,-,-
L,9, ,-,-,-,-,-,-
L,10, ,-,-,-,-,-,-
L,11, ,-,-,-,-,-,-
L,12, ,-,-,-,-,-,-
L,13, ,-,-,-,-,-,-
L,14, ,-,-,-,-,-,-
L,15, ,-,-,-,-,-,-
L,16, ,-,-,-,-,-,-
L,17, ,-,-,-,-,-,-
L,18, ,-,-,-,-,-,-
L,19, ,-,-,-,-,-,-
L,20, ,-,-,-,-,-,-
L,21, ,-,-,-,-,-,-
L,22, ,-,-,-,-,-,-
L,23, ,-,-,-,-,-,-
L,24, ,-,-,-,-,-,-
L,25, ,-,-,-,-,-,-
L,26, ,-,-,-,-,-,-
L,27, ,-,-,-,-,-,-
L,28, ,-,-,-,-,-,-
L,29, ,-,-,-,-,-,-
L,30, ,-,-,-,-,-,-
L,31, ,-,-,-,-,-,-
L,32, ,-,-,-,-,-,-
L,33, ,-,-,-,-,-,-
L,34, ,-,-,-,-,-,-
L,35, ,-,-,-,-,-,-
L,36, ,-,-,-,-,-,-
L,37, ,-,-,-,-,-,-
L,38, ,-,-,-,-,-,-
L,39, ,-,-,-,-,-,-
L,40, ,-,-,-,-,-,-
L,41, ,-,-,-,-,-,-
L,42, ,-,-,-,-,-,-
L,43, ,-,-,-,-,-,-
L,44, ,-,-,-,-,-,-
L,45, ,-,-,-,-,-,-
L,46, ,-,-,-,-,-,-
L,47, ,-,-,-,-,-,-
L,48, ,-,-,-,-,-,-
L,49, ,-,-,-,-,-,-
L,50, ,-,-,-,-,-,-
L,51, ,-,-,-,-,-,-
L,52, ,-,-,-,-,-,-
L,53, ,-,-,-,-,-,-
L,54, ,-,-,-,-,-,-
L,55, ,-,-,-,-,-,-
L,56, ,-,-,-,-,-,-
L,57, ,-,-,-,-,-,-
L,65, ,-,-,-,-,-,-
L,66, ,-,-,-,-,-,-
L,67, ,-,-,-,-,-,-
L,68, ,-,-,-,-,-,-
L,69, ,-,-,-,-,-,-
L,70, ,-,-,-,-,-,-
L,71, ,-,-,-,-,-,-
L,72, ,-,-,-,-,-,-
L,74, ,-,-,-,-,-,-
L,75, ,-,-,-,-,-,-
L,76, ,-,-,-,-,-,-
L,77, ,-,-,-,-,-,-
L,78, ,-,-,-,-,-,-
L,79, ,-,-,-,-,-,-
L,80, ,-,-,-,-,-,-
L,83, ,-,-,-,-,-,-
L,84, ,-,-,-,-,-,-
L,85, ,-,-,-,-,-,-
L,86, ,-,-,-,-,-,-
L,87, ,-,-,-,-,-,-
L,88, ,-,-,-,-,-,-
L,89, ,-,-,-,-,-,-
L,90, ,-,-,-,-,-,-
L,91, ,-,-,-,-,-,-
L,92, ,-,-,-,-,-,-
L,93, ,-,-,-,-,-,-
L,94, ,-,-,-,-,-,-
L,95, ,-,-,-,-,-,-
L,96, ,-,-,-,-,-,-
L,97, ,-,-,-,-,-,-
L,98, ,-,-,-,-,-,-
L,99, ,-,-,-,-,-,-
L,100, ,-,-,-,-,-,-
L,101, ,-,-,-,-,-,-
L,102, ,-,-,-,-,-,-
L,103, ,-,-,-,-,-,-
L,104, ,-,-,-,-,-,-
L,105, ,-,-,-,-,-,-
L,106, ,-,-,-,-,-,-
L,107, ,-,-,-,-,-,-
L,108, ,-,-,-,-,-,-
L,114, ,-,-,-,-,-,-
L,115, ,-,-,-,-,-,-
L,116, ,-,-,-,-,-,-
L,117, ,-,-,-,-,-,-
L,118, ,-,-,-,-,-,-
L,119, ,-,-,-,-,-,-
L,120, ,-,-,-,-,-,-
L,121, ,-,-,-,-,-,-
L,122, ,-,-,-,-,-,-
L,123, ,-,-,-,-,-,-
L,124, ,-,-,-,-,-,-
L,125, ,-,-,-,-,-,-
L,126, ,-,-,-,-,-,-
L,127, ,-,-,-,-,-,-
